{
  "test_timestamp": "2025-12-09T08:26:29.342117",
  "total_requests": 5000,
  "total_time_seconds": 17.785080432891846,
  "successful_requests": 5000,
  "failed_requests": 0,
  "success_rate": 1.0,
  "throughput_rps": 281.1345171514078,
  "latency_ms": {
    "mean": 73.4032928943634,
    "p50": 61.45823001861572,
    "p95": 186.90381050109892,
    "p99": 256.8577384948733,
    "min": 2.8548240661621094,
    "max": 294.3108081817627,
    "std": 50.074322656006586
  },
  "errors_by_type": {
    "timeout": 0,
    "connection_error": 0,
    "server_error": 0,
    "client_error": 0,
    "other": 0
  },
  "concurrent_users": 1
}