model,accuracy,roc_auc,f1_score,inference_time_ms
LogisticRegression,0.5021333333333333,0.5000651841314104,0.16465324384787475,15.0
RandomForest,0.7886,0.4742266308194441,0.10499576629974598,15.0
